product_name,product_price,location,shopper
KORG Piano Digital 88 Keys LP 380 - Black,15893500,Tanjung Priok,Bhinneka
KORG Piano Digital SP280 - White,11917500,Tanjung Priok,Bhinneka
KORG Piano Digital LP380 - White,15893500,Tanjung Priok,Bhinneka
OLIKE HAND ROLL PIANO / ORI / GARANSI RESMI,499000,Panakkukang,TOP CELLULAR
Electronic Keyboard Digital 61 Keys Piano Anak With Microphone,149000,Sukmajaya,Blomgee Retail
NESCAFE DOLCE GUSTO Mini Me Automatic Coffee Machine Piano - Black,1469000,Tanjung Priok,Bhinneka
Jasa Import Piano Borongan - Jasa Import Piano Klasik - 081335339733,1000000,Jatinegara,Fuji Seo Cargo & Mesin HDPE
Tefal Blendforce Piano BL477 Blender,599000,Rumbai,AWponselOfficial
Tefal Blendforce Piano BL477 Blender,425000,Rumbai,AWgadget
Kigumi Wooden Art Puzzle Piano,227500,Kembangan,Kigumi Official Store
Saklar Tripel Piano In Bow Broco Standard Urea Cream,26500,Klaten Tengah,Rejo Listrik Klaten
ZH1130k Arm rocker assy pelatuk piano mesin jiandong zh1130k komplit,405000,Percut Sei Tuan,Deli sparepart
Jasa Impor Alat Musik / Jasa Pengurusan Impor Piano Dan Sejenisnya,150000,Jatinegara,Bexindo Group
Arm pelatuk support rocker arm assy tapak burung piano komplit tf55 tf65 tf75 tf85,259600,Percut Sei Tuan,Deli sparepart
Zh1130 old rocker arm assy pelatuk piano mesin Jiandong zh1130 komplit jiandong zh 1130,286000,Percut Sei Tuan,Deli sparepart
Jasa Import Alat Musik Dari Jepang - Jasa Import Gitar Dan Piano Dari Jepang - 081335339733,100000,Jatinegara,Fuji Seo Cargo & Mesin HDPE
IMUNDEX Animal Series Mainan Edukasi Musical Organ Piano Anak Bayi BPA Free SNI Sky Blue,110000,Cengkareng,IMUNDEX Official Store
IMUNDEX Animal Series Mainan Edukasi Musical Organ Piano Anak Bayi BPA Free SNI Candy Pink,110000,Cengkareng,IMUNDEX Official Store
IMUNDEX Animal Series Mainan Edukasi Musical Organ Piano Anak Bayi BPA Free SNI Candy Pink + Phone Orange,261250,Cengkareng,IMUNDEX Official Store
IMUNDEX Animal Series Mainan Edukasi Musical Organ Piano Anak Bayi BPA Free SNI Sky Blue + Phone Purple,261250,Cengkareng,
IMUNDEX Animal Series Mainan Edukasi Musical Organ Piano Anak Bayi BPA Free SNI Candy Pink + Phone Purple,261250,Cengkareng,
IMUNDEX Animal Series Mainan Edukasi Musical Organ Piano Anak Bayi BPA Free SNI Sky Blue + Phone Orange,261250,Cengkareng,
